epoch,time,train/box_loss,train/seg_loss,train/cls_loss,train/dfl_loss,metrics/precision(B),metrics/recall(B),metrics/mAP50(B),metrics/mAP50-95(B),metrics/precision(M),metrics/recall(M),metrics/mAP50(M),metrics/mAP50-95(M),val/box_loss,val/seg_loss,val/cls_loss,val/dfl_loss,lr/pg0,lr/pg1,lr/pg2
1,411.231,1.38501,3.18491,2.72698,1.34406,1,0.24802,0.27348,0.22881,1,0.24802,0.27348,0.20913,1.33848,2.19922,2.9277,1.23522,0.000408497,0.000408497,0.000408497
2,861.973,1.19234,2.52078,1.73158,1.19876,0.98737,0.26794,0.37984,0.29245,0.98737,0.26794,0.37984,0.27774,1.26783,1.74003,2.411,1.22137,0.000416708,0.000416708,0.000416708
1,354.02,1.42287,3.18697,2.61934,1.34146,0.99395,0.25,0.332,0.25522,0.99395,0.25,0.33696,0.2314,1.30444,2.2215,2.82048,1.16464,0.000412541,0.000412541,0.000412541
2,772.679,1.22805,2.48514,1.68553,1.19603,0.81431,0.49702,0.53293,0.33709,0.81431,0.49702,0.54103,0.32734,1.5546,1.84926,2.17588,1.4516,0.00041875,0.00041875,0.00041875
